name,price,rating,zip code,review count,categories,
Dim Sum Palace,$$,4.0,10036,493,['dimsum', 'cantonese']
Wah Fung No 1,$,4.5,10002,819,['chinese', 'hotdogs']
Tasty Garden,$,5.0,10009,16,['dimsum', 'noodles']
Peng's Noodle Folk,$$,4.5,10028,174,['chinese', 'noodles', 'ramen']
Zest Szechuan,$$,4.0,10018,240,['szechuan', 'seafood', 'soup']
Tuome,$$$,4.5,10009,290,['newamerican', 'chinese']
Shu Jiao Fu Zhou Cuisine Restaurant,$,4.5,10002,387,['chinese', 'noodles']
China Jade,$$,4.5,10028,19,['chinese']
China Xiang,$$,4.0,10036,235,['chinese']
Han Dynasty,$$,4.0,10024,339,['szechuan']
Han Dynasty,$$,4.0,10003,904,['szechuan', 'bars']
Xi'an Famous Foods,$,4.0,10075,344,['chinese', 'noodles', 'burgers']
Café China,$$,4.0,10016,867,['szechuan']
Xi'an Famous Foods,$,4.0,10036,1169,['chinese', 'burgers', 'noodles']
Szechuan Garden,$$,4.0,10025,159,['szechuan']
Jasmine Restaurant,$$,4.0,10017,104,['shanghainese', 'dimsum', 'szechuan']
Tri Dim Shanghai,$$,4.0,10075,86,['shanghainese', 'dimsum', 'szechuan']
Auntie Guan's Kitchen 108,$$,4.0,10011,234,['chinese', 'asianfusion']
Excellent Dumpling House,$$,4.0,10011,222,['dimsum', 'seafood', 'soup']
Xi'an Famous Foods,$,4.0,10016,440,['chinese', 'noodles', 'burgers']
La Salle Dumpling Room,$$,4.0,10023,36,['chinese']
Chaan Teng,$$,4.0,10036,108,['chinese']
Burp Bowl Cafe,$,4.5,10010,104,['chinese', 'noodles', 'soup']
Shanghai,$,4.0,10021,57,['chinese']
Radiance Tea House and Books,$$,4.0,10019,748,['asianfusion', 'tea', 'chinese']
Joe's Shanghai,$$,4.0,10013,4596,['shanghainese', 'desserts', 'seafood']
Xi'an Famous Foods,$$,4.0,10019,195,['noodles', 'burgers', 'chinese']
Buddakan,$$$,4.0,10011,3216,['chinese', 'asianfusion']
Noodle Fun,$$,4.0,10128,100,['chinese', 'noodles']
China Blue,$$,4.0,10013,389,['shanghainese', 'dimsum']
Very Fresh Noodles,$$,4.0,10011,289,['taiwanese', 'chinese', 'noodles']
Xi'an Famous Foods,$,4.0,10003,1394,['chinese', 'noodles', 'burgers']
Asura Asian Bistro,$$,4.0,10001,248,['chinese', 'asianfusion', 'bars']
Pig Heaven,$$,4.0,10028,177,['bbq', 'chinese']
Hunan Bistro,$$,4.0,10003,144,['chinese']
MáLà Project,$$,4.0,10009,298,['seafood', 'dimsum', 'chicken_wings']
Decoy,$$$,4.0,10014,245,['chinese', 'bars']
Fishmarket Restaurant,$$,4.5,10038,380,['seafood', 'chinese', 'asianfusion']
Joe's Shanghai,$$,3.5,10019,1158,['shanghainese']
Lam Zhou Handmade Noodle & Dumpling,$,4.0,10013,1168,['chinese', 'noodles', 'ramen']
Uncle Ted's Modern Chinese Cuisine,$$,4.0,10012,345,['chinese']
Niu Noodle House,$$,4.0,10014,524,['chinese', 'asianfusion', 'noodles']
Flor De Mayo,$$,4.0,10024,983,['chinese', 'peruvian', 'spanish']
Dim Sum Palace,$$,4.0,10019,66,['dimsum', 'seafood', 'noodles']
Chop Shop II,$$,4.0,10010,150,['chinese', 'thai', 'asianfusion']
Shanghai Asian Manor,$$,4.0,10013,1152,['shanghainese']
Ding Szechuan and Hot Pot Restaurant,$$,3.5,10036,118,['hotpot', 'bbq', 'szechuan']
The Bao,$$,3.5,10003,838,['chinese']
Yummy City,$,4.5,10029,21,['chinese']
Fu Xing,$,4.0,10018,33,['cantonese', 'cafeteria', 'bakeries']
Bugis Street Brasserie & Bar,$$,5.0,10036,8,['singaporean', 'panasian', 'chinese']
Spice Symphony,$$,4.0,10016,432,['indpak', 'chinese', 'wine_bars']
Nom Wah Tu,$$,4.0,10002,9,['chinese', 'newamerican']
Szechuan Gourmet,$$,3.5,10018,814,['szechuan']
Wu Liang Ye,$$,3.5,10036,427,['szechuan']
Spicy Village,$,4.0,10002,395,['chinese']
The Tang,$$,4.0,10009,168,['noodles', 'chinese', 'taiwanese']
Lotus Blue,$$,3.5,10003,6,['chinese']
Hunan Manor,$$,3.5,10016,197,['chinese']
Xi'an Famous Foods,$,4.0,10025,267,['chinese', 'noodles', 'burgers']
Radiance,$$,4.0,10022,117,['chinese', 'tea', 'venues']
Legend 72,$$,3.0,10023,146,['chinese', 'seafood', 'noodles']
Spice Symphony,$$,4.0,10022,86,['chinese', 'indpak', 'bars']
Little Alley,$$,4.0,10016,81,['shanghainese']
Pa Pa Thai Cuisine,$,4.5,10022,56,['thai', 'chinese', 'salad']
Ningbo Cafe,$$,4.0,10280,78,['shanghainese', 'szechuan', 'asianfusion']
Sun Hing Lung Co,$,4.5,10002,103,['chinese']
Vanessa's Dumpling House,$,4.0,10002,2093,['chinese']
Land of Plenty,$$,3.5,10022,239,['chinese']
Xi'an Famous Foods,$,4.0,10012,104,['chinese', 'noodles', 'burgers']
21 Shanghai House,$$,4.0,10002,319,['shanghainese']
Carma East,$$,4.0,10009,112,['bars', 'dimsum', 'taiwanese']
Tasty Hand-Pulled Noodles,$,4.0,10013,1239,['chinese', 'noodles']
Grand Sichuan,$$,3.5,10001,369,['chinese']
Hao Noodle and Tea By Madam Zhu's Kitchen,$$,3.5,10014,278,['chinese', 'noodles']
La Salle Dumpling Room,$$,4.0,10027,118,['asianfusion', 'chinese']
Tang Pavilion,$$,3.5,10019,264,['chinese']
Yuan,$$,3.5,10003,49,['noodles', 'dimsum', 'bars']
Junzi Kitchen,$$,4.0,10025,54,['chinese', 'noodles', 'tea']
Cheong Fun Cart,$,5.0,10013,35,['foodstands', 'chinese', 'streetvendors']
Shu Han Ju,$$,3.5,10011,110,['chinese']
Little Tong Noodle Shop,$$,4.0,10003,111,['noodles', 'chinese']
Noodle Village,$,4.0,10013,700,['chinese', 'noodles']
Savour Sichuan,$$,3.5,10018,142,['szechuan', 'dimsum', 'asianfusion']
Golden Forest,$,4.0,10002,104,['chinese']
Ahana,$$,4.0,10065,100,['japanese', 'chinese', 'thai']
Hakkasan,$$$$,3.5,10036,680,['chinese']
Spice Noodle,$$$,3.5,10029,25,['vietnamese', 'chinese']
La Vie en Szechuan,$$,3.5,10016,365,['szechuan']
Pinch Chinese,$$,4.0,10012,106,['chinese', 'wine_bars', 'cocktailbars']
Happy Hot Hunan,$$,3.5,10025,95,['chinese']
Hot Kitchen,$$,3.5,10022,133,['szechuan']
Asia Express,$,3.5,10016,37,['chinese']
Auntie Guan's Kitchen,$,3.5,10011,104,['chinese']
Shorty Tang Noodle Shop,$$,3.5,10011,98,['noodles', 'chinese', 'taiwanese']
Chef Ho's,$$,3.5,10128,183,['chinese', 'cocktailbars']
RedFarm,$$$,3.5,10024,447,['dimsum', 'cantonese', 'asianfusion']
Hing Won,$,3.5,10036,167,['cantonese']
Mapo Tofu,$$,3.5,10016,275,['chinese']
Grand Sichuan Eastern,$$,3.5,10022,209,['szechuan']
Ollie's Sichuan,$$,3.0,10036,387,['szechuan']
Wa Jeal Sichuan Chili House,$$,3.5,10028,353,['chinese']
Red Hot HotPot,$$,4.0,10025,6,['hotpot', 'chinese']
King's Kitchen,$,4.0,10002,122,['chinese']
Szechuan Garden Kitchen,$,4.0,10026,11,['chinese']
Mee Noodle Shop & Grill,$,3.5,10022,239,['noodles', 'cantonese']
Flor de Mayo,$$,4.0,10025,425,['chinese', 'peruvian', 'cocktailbars']
Rice & Gold,$$,4.0,10013,12,['chinese', 'asianfusion', 'cocktailbars']
Main Noodle House,$$,3.5,10018,303,['chinese', 'noodles']
Szechuan Gourmet 56,$$,3.0,10019,302,['szechuan']
BaoHaus,$,3.5,10003,1650,['chinese', 'taiwanese']
A Taste Of China,$$,4.0,10010,33,['chinese', 'wine_bars']
Hot Sichuan,$$,3.5,10011,82,['szechuan']
A-jiao,$$,3.5,10128,85,['chinese']
Wok 88,$$,3.5,10128,195,['chinese']
Congee Village,$$,3.5,10002,1276,['cantonese']
Sichuan Bistro,$$,4.0,10010,22,['szechuan']
The Rice Noodle,$,3.5,10012,77,['noodles', 'hotdogs', 'chinese']
Chen's Buffet Bar,$,4.0,10038,22,['chinese']
Peking Duck House,$$$,3.5,10022,316,['chinese']
Shanghai Mong,$$,3.0,10001,397,['korean', 'chinese', 'asianfusion']
99 Favor Taste - St. Marks,$$,4.0,10003,69,['hotpot', 'bbq', 'chinese']
May Wah Fast Food,$,4.0,10013,242,['chinese', 'taiwanese']
Kung Fu Little Steamed Buns Ramen,$$,3.5,10019,713,['chinese', 'ramen']
S Wan Cafe,$,4.0,10002,75,['cafes', 'chinese']
Hot Kitchen,$$,3.5,10003,368,['chinese']
Nyonya,$$,4.0,10013,1649,['asianfusion', 'malaysian', 'chinese']
Super Taste,$,4.0,10002,421,['chinese', 'noodles']
China North Dumpling,$,4.0,10002,252,['chinese']
Great NY Noodle Town,$,3.5,10013,1020,['cantonese', 'noodles']
108 Food Dried Hot Pot,$$,3.5,10025,48,['hotpot', 'chinese']
Shanghai Asian Cuisine,$$,4.0,10013,365,['shanghainese']
Ramen Thukpa,$$,4.0,10014,166,['chinese', 'ramen', 'vegetarian']
Dumpling Kingdom,$,3.5,10012,166,['chinese', 'hotdogs']
Kung Fu Little Steamed Buns Ramen,$$,3.0,10022,189,['ramen', 'chinese']
Dong Chun Hong,$$,3.5,10001,228,['chinese', 'korean']
Hunan Delight,$$,3.5,10075,153,['chinese', 'japanese']
Taste Good,$,3.5,10010,69,['chinese']
Lin's Gourmet,$,3.5,10022,44,['chinese']
Legend Bar & Restaurant,$$,3.0,10011,282,['szechuan', 'hotpot']
Hop Lee Restaurant,$$,4.0,10013,219,['chinese', 'seafood', 'noodles']
Ho Yip Restaurant,$,3.5,10006,220,['chinese']
Wo Hop,$$,3.5,10013,1058,['chinese']
Hop Won Restaurant,$,3.0,10017,121,['chinese']
Uncle Luoyang,$$,3.5,10025,79,['bbq', 'sushi', 'chinese']
Hong Kong Chinese Restaurant,$,3.5,10016,28,['chinese', 'japanese']
Canteen 82,$$,3.0,10024,180,['chinese']
La Dinastia,$$,3.5,10023,127,['asianfusion', 'chinese']
Asian Spicy Curry Pop-up,$,4.5,10013,109,['asianfusion', 'malaysian', 'chinese']
Bo Ky Restaurant,$,3.5,10013,591,['chinese', 'vietnamese']
RedFarm,$$$,3.5,10014,546,['dimsum', 'asianfusion', 'cantonese']
New Double Dragon,$,4.0,10003,46,['chinese']
New Moon,$$,5.0,10016,4,['chinese']
Hyo Dong Gak,$$,3.5,10001,341,['chinese', 'vietnamese', 'asianfusion']
Wok City,$,3.0,10023,64,['chinese']
Lili's 57,$$,3.5,10019,218,['chinese', 'japanese', 'gluten_free']
Lan Sheng Szechuan Food Restaurant,$$,3.5,10018,38,['chinese']
Mr Bing,$$,4.0,10009,5,['chinese']
Sing Kee Seafood Restaurant,$$,4.0,10013,151,['cantonese']
Home's Kitchen Chinese Restaurant,$$,3.5,10010,157,['szechuan']
Mei Yu Spring,$,4.0,10002,40,['chinese']
Sammy's Noodle Shop & Grill,$$,3.5,10011,381,['chinese', 'noodles', 'soup']
Hop Kee,$$,4.0,10013,654,['seafood', 'cantonese']
Ollie's Noodle Shop & Grille,$$,3.0,10025,87,['bbq', 'noodles', 'szechuan']
Dragon Noodle and Grill,$,4.0,10013,76,['chinese', 'noodles']
Shanghai Cafe,$,3.5,10013,1923,['shanghainese']
A & C Kitchen,$,3.5,10009,22,['chinese']
Taiwan Bear House,$,4.0,10013,216,['taiwanese', 'bubbletea', 'chinese']
Jing Fong,$$,3.0,10024,61,['dimsum', 'cantonese']
Evergreen On 38,$$,3.5,10016,177,['chinese']
Chef Yu,$$,3.0,10018,447,['chinese']
Grand Sichuan Eastern,$$,3.0,10011,83,['chinese']
Harvest Chinese & Thai Cuisine,$$,3.5,10075,62,['thai', 'chinese']
Xi'an Famous Foods,$,4.0,10013,768,['chinese', 'burgers', 'noodles']
Mr Bing,$$,3.5,10021,109,['foodstands', 'chinese', 'food_court']
Asian Eatery,$,3.5,10022,46,['japanese', 'chinese']
Ginger's,$$,3.5,10018,326,['chinese']
Hunan House,$$,2.5,10019,126,['chinese']
Charley Mom Restaurant,$$,3.5,10028,65,['chinese']
The Cottage,$$,3.0,10024,254,['chinese']
Big Bowl,$$,4.0,10128,36,['thai', 'chinese', 'chicken_wings']
Spice Saigon,$$,3.5,10065,116,['vietnamese', 'noodles', 'chinese']
Zongzi lady,$,4.5,10002,11,['streetvendors', 'chinese']
Fay Da Bakery,$,4.0,10012,177,['bakeries', 'chinese']
Mee Noodle Shop,$,3.0,10019,423,['chinese', 'noodles']
Chinatown Restaurant,$$,3.0,10128,221,['japanese', 'chinese', 'sushi']
Great Sichuan,$$,3.0,10016,170,['chinese']
Shun Lee West,$$$,2.5,10023,355,['chinese']
Xi'an Famous Foods,$$,4.0,10010,51,['chinese', 'noodles', 'burgers']
Shui Mei Cafe,$,4.5,10002,27,['cafes', 'chinese']
Cafe Evergreen,$$,3.5,10021,118,['chinese', 'lounges']
Buddha Bodai Kosher Vegetarian Restaurant,$$,4.0,10013,757,['chinese', 'kosher', 'vegan']
Golden City Chinese Restaurant,$,3.5,10001,69,['chinese']
Mr Chow,$$$$,3.0,10022,266,['chinese']
Tim Ho Wan,$$,3.5,10003,802,['dimsum', 'cantonese']
Kong Kee,$,4.0,10002,43,['chinese', 'foodstands']
Wok Express,$,4.0,10035,10,['chinese']
Shun Lee Palace,$$$,3.0,10022,227,['chinese']
Kungfu Kitchen,$$,3.0,10018,134,['chinese', 'ramen']
Lilli & Loo,$$,3.5,10065,322,['chinese', 'sushi', 'gluten_free']
King Wok,$,3.5,10014,105,['chinese']
Chinese Fast Wok - Eat In & Take Out,$,3.0,10011,52,['chinese']
Taste Kitchen,$,4.5,10018,3,['chinese']
Cheung Wong Kitchen,$,4.0,10002,27,['chinese', 'hkcafe']
Tang's Garden,$$,3.0,10021,82,['chinese', 'chicken_wings']
New Kam Lai,$,3.5,10025,18,['chinese']
Lumos Bar,$$,4.5,10012,69,['cocktailbars', 'asianfusion', 'chinese']
Jimmy's House,$,3.5,10010,82,['chinese', 'noodles']
DIM SUM VIP,$,4.0,10013,74,['dimsum', 'tapasmallplates']
Bite of Hong Kong 泰仁軒,$$,4.0,10002,58,['seafood', 'cantonese']
Jue Lan Club,$$$,3.0,10011,181,['chinese']
Wong Restaurant,$,3.0,10065,36,['chinese']
La Caridad 78,$$,3.5,10024,175,['chinese', 'cuban']
Lychee House,$$,3.5,10022,113,['chinese']
Forever Taste,$,4.0,10002,24,['chinese']
China Taste,$,3.0,10028,53,['chinese']
East Garden Chinese Restaurant,$,3.5,10128,37,['chinese']
Legend Upper West,$$,3.0,10025,116,['chinese']
Tung Woo Co,$,4.0,10013,60,['desserts', 'chinese']
Mr Chow,$$$$,3.0,10013,309,['chinese']
Uncle Luoyang,$,4.0,10027,26,['foodtrucks', 'chinese']
Mee Noodle Shop & Grill,$$,3.0,10003,95,['chinese', 'noodles']
Macao,$$$,4.0,10013,622,['asianfusion', 'portuguese', 'chinese']
Panda Banjum,$,3.5,10001,107,['korean', 'noodles', 'chinese']
No.1 Chinese Restaurant,$$,3.0,10004,128,['chinese']
MoonHouse,$,3.5,10029,76,['chinese']
Taiwan Pork Chop House,$,4.0,10013,245,['taiwanese', 'chinese', 'noodles']
Mission Chinese,$$,3.0,10002,533,['chinese']
Christopher's Golden Woks,$,3.5,10014,43,['chinese']
Manting,$$,3.0,10019,104,['chinese']
New Sunny East 88,$,3.5,10128,49,['chinese']
Chop Shop,$$,3.5,10001,198,['asianfusion', 'chinese', 'thai']
Big Wong,$,3.5,10013,1193,['chinese']
Wu's Wonton King,$$,3.5,10002,97,['cantonese', 'seafood', 'dimsum']
Philippe By Philippe Chow,$$$,3.5,10065,497,['chinese', 'asianfusion']
Jef Chinese,$$,3.5,10017,8,['shanghainese', 'cantonese']
Traditional Chinese Food Cart,NA,4.0,10014,7,['chinese']
King Food Chen,$,3.0,10024,48,['chinese']
Chelsea Golden Wok,$,3.0,10011,36,['chinese']
New Aroma Chinese Restaurant,$,3.5,10027,25,['chinese']
Happy Express Cafe,$,4.0,10002,30,['cantonese', 'hkcafe']
Pearls,$$,3.0,10025,125,['chinese']
Jian Bing Man,$$,3.0,10001,85,['chinese', 'creperies']
Great Wall Chinese,$,3.5,10002,69,['chinese', 'sushi', 'poke']
Fei Ma,$,3.5,10009,37,['chinese']
Shu Han Ju II,$$,4.0,10003,39,['szechuan', 'seafood']
Jiangnan Chinese Cuisine,$$,3.0,10006,6,['chinese']
Noodles 28,$$,3.0,10016,166,['chinese', 'noodles', 'vietnamese']
Six Happiness,$,3.0,10021,101,['chinese']
East Palace,$,3.0,10017,67,['chinese']
China Wok,$,4.0,10037,11,['chinese']
Peking Garden,$,3.5,10027,25,['chinese']
69 Chinese Restaurant,$,3.5,10013,315,['chinese']
The Chinese Couple Vendor aka The Dollar Cart!,$,4.5,10013,44,['foodstands', 'chinese']
Fu Zhou Cuisine,$,4.0,10002,14,['chinese']
Modern Szechuan,$,3.0,10036,11,['chinese']
Hong Man,$,4.0,10002,126,['chinese', 'noodles']
New King Wok Restaurant,$,4.0,10027,5,['chinese']
Kam-Wei Kitchen,$,3.5,10036,28,['chinese']
New Hong Kong Restaurant,$,4.5,10035,4,['chinese']
China King,$,3.0,10010,27,['chinese']
Lava Kitchen,$$,3.0,10025,38,['chinese', 'asianfusion', 'noodles']
China King,$,3.5,10029,18,['chinese']
La Nueva Victoria,$$,3.5,10025,60,['chinese']
Rice Noodle Cart,$,4.5,10013,44,['chinese', 'noodles']
China Chalet,$$,3.0,10006,125,['chinese']
Wing Kee WK Restaurant,$,4.0,10013,31,['chinese']
Panda Express,$,3.5,10021,69,['chinese', 'hotdogs']
Empire,$,3.5,10039,17,['chinese', 'importedfood']
Carol's Bun,$,4.0,10002,18,['chinese']
Dumpling Man,$,3.5,10009,718,['chinese']
Jing Fong Restaurant,$$,3.5,10013,1824,['dimsum', 'cantonese']
Drunken Dumpling,$$,3.5,10003,202,['asianfusion', 'dimsum', 'breakfast_brunch']
New Asian Cuisine,$,4.0,10013,16,['chinese', 'noodles']
Hunan Park,$$,3.0,10025,58,['chinese']
New Ming's Delight,$,3.0,10016,46,['chinese']
Nom Wah Nolita,$$,3.5,10012,92,['dimsum', 'cantonese']
New Kam Lai,$,3.0,10024,40,['chinese']
Ocean Dragon,$,2.5,10019,55,['chinese', 'thai']
J East,$,3.0,10003,55,['chinese']
DiDi Dumpling,$,3.5,10010,136,['chinese', 'gourmet']
East Dumpling,$,4.5,10002,37,['chinese']
China 1 Kitchen,$,2.5,10044,43,['chinese']
Lotus Express,$,4.0,10034,40,['chinese']
Little Sheep Mongolian Hot Pot,$$,4.0,10002,120,['mongolian', 'hotpot', 'chinese']
China Gourmet,$,2.5,10019,166,['chinese']
Ollie's To Go,$$,2.5,10024,114,['chinese', 'sushi', 'bubbletea']
Wonton Noodle Garden,$,3.5,10013,295,['dimsum']
Shanghai Sogo,$$,3.5,10036,11,['shanghainese', 'foodtrucks']
China Wok,$,3.0,10009,45,['chinese']
Red Egg,$$,3.5,10013,674,['dimsum']
Halal Kitchen,$,3.5,10029,11,['halal', 'chinese']
Fresh Wok,$,3.5,10128,26,['chinese', 'hawaiian']
Peking Kitchen II,$,3.5,10026,17,['chinese']
August Gatherings,$$,3.5,10013,118,['cantonese', 'asianfusion']
Hunan Chen's Kitchen,$,3.0,10025,34,['chinese']
Famous Sichuan,$$,3.5,10013,272,['szechuan', 'hotpot']
Hong Kong,$$,3.5,10029,10,['chinese']
A A JING,$$,3.5,10036,244,['chinese', 'asianfusion', 'japanese']
Northern Tiger,$$,3.0,10281,84,['chinese']
Yip's,$,3.5,10004,77,['chinese']
Pic Up Stix,$,3.0,10128,50,['chinese']
Mimi Cheng's Dumplings,$$,3.5,10003,478,['chinese', 'taiwanese']
Bao Bao Cafe,$,4.0,10010,291,['cafes', 'asianfusion', 'ramen']
Vanessa's Dumpling,$,3.5,10003,913,['chinese']
Wok Chi - Stir Fry Kitchen,$$,3.5,10022,28,['dimsum', 'vegetarian']
38 Yummy Kitchen,$,4.0,10002,18,['cantonese']
Our Place China Chalet,$$,3.0,10075,33,['chinese']
Nanjing,$$,3.5,10019,41,['chinese', 'indpak', 'asianfusion']
Wa Lung Kitchen,$,3.0,10002,38,['chinese']
Yoan Ming Garden,$,2.5,10029,30,['chinese']
Bei Jing Chinese Foods,$,3.0,10019,11,['chinese']
The China Star,$,3.0,10003,47,['chinese', 'hotdogs', 'noodles']
Son Ja Jang,$$,3.0,10001,26,['chinese']
West Place,$,3.0,10027,43,['chinese']
La Unica Caridad Restaurant,$$,4.0,10024,5,['cuban', 'chinese']
Potluck,$$,3.0,10001,50,['asianfusion', 'szechuan', 'thai']
Cha Chan Tang,$,3.5,10013,815,['chinese', 'hkcafe']
New Golden Chopstick Chinese Restaurant,$,3.0,10004,28,['chinese']
Yiwanmen,$,3.5,10013,52,['taiwanese', 'noodles', 'chinese']
New Chinatown Restaurant of New York,$,4.0,10009,9,['chinese']
Peking Duck House,$$$,3.5,10013,661,['chinese']
New Kam Lai Chinese,$,2.5,10025,41,['chinese']
Shun Cheong Chinese Kitchen,NA,5.0,10026,1,['chinese']
Lee Chung Cafe,$,4.0,10002,16,['coffee', 'chinese']
Mee Sum Cafe,$,3.5,10013,17,['dimsum', 'cafes']
Lemon Leaves,$$,3.0,10005,27,['thai', 'chinese', 'japanese']
New Wong Rest,$,4.0,10002,34,['chinese']
New China House,$$$$,4.0,10029,2,['chinese']
Asian Gourmet,$,3.0,10029,28,['chinese', 'asianfusion']
Our Place Tea Garden,$$,3.5,10022,34,['chinese']
Five Luck Restaurant,$,2.5,10128,23,['chinese']
18th St Bamboo Garden,$,3.5,10003,7,['chinese']
La Preciosa China Restaurant,$$,3.0,10029,19,['chinese']
Radiance Noodle Bar,$,3.0,10022,14,['cantonese', 'noodles']
No 1 Chinese Restaurant,$,2.5,10003,31,['chinese']
Hong Garden,$,3.0,10039,7,['chinese']
XO Kitchen,$,3.5,10013,420,['chinese', 'japanese']
Mimi Cheng's Nolita,$$,3.5,10013,82,['taiwanese', 'chinese']
Fusion Grills,$,3.0,10022,29,['chinese']
Wong Kee Restaurant,$,3.5,10013,331,['cantonese']
The Flying Pig Jianbing,$,3.0,10036,30,['foodtrucks', 'chinese']
Char Sue,$$,4.5,10002,86,['asianfusion', 'panasian', 'beerbar']
Mr. Deng's,NA,5.0,10001,1,['chinese']
Empire Corner II,$,3.0,10029,14,['chinese']
New Dynasty Chinese Restaurant,$,2.5,10001,17,['chinese']
Ling Kee Beef Jerky,$,4.5,10002,126,['chinese', 'bbq']
Hung Chow Restaurant,NA,4.0,10035,1,['chinese']
H K Wonton Garden,$,3.5,10013,680,['cantonese', 'noodles']
J.J. Noodle Restaurant,$,3.5,10002,32,['chinese', 'noodles']
New China Red,$,2.5,10007,27,['chinese']
Fairview Chinese Restaurant,$,4.5,07022,132,['chinese']
Hop Shing Restaurant,$,3.5,10038,438,['dimsum']
Ming's Caffe,$,3.5,10002,86,['chinese']
Great Wok,$,3.5,10029,9,['chinese']
Food King,$,4.0,10002,5,['chinese']
99 Favor Taste,$$,4.0,10002,1172,['hotpot', 'bbq', 'asianfusion']
Steak & Hoagies,$,3.5,10029,14,['chinese', 'sandwiches', 'newamerican']
Sachi Asian Bistro,$$,4.0,10016,149,['asianfusion', 'sushi', 'cocktailbars']
Six Happiness,$,2.5,10016,95,['chinese']
Chong Qing Xiao Mian,$$,4.0,10019,141,['noodles']
Fu Wing Chinese Restaurant,$,3.0,10029,12,['chinese']
China Moon,$$,2.0,10017,89,['thai', 'cantonese']
88 Chinese Restaurant,$,3.0,10037,12,['chinese']
Go Noodle Nine Moon,$,2.5,10022,43,['chinese', 'noodles']
City One Restaurant,$$,3.5,10030,12,['chinese']
Hou Yi Hot Pot,$$,4.0,10003,86,['hotpot', 'seafood', 'noodles']
Asian 83,NA,2.5,10028,16,['chinese']
New Wong Asian Food,$,2.5,10065,10,['chinese']
Great Wall Kitchen,$,3.5,10027,5,['chinese']
Yang's Happy Wok,$,3.5,10009,8,['chinese']
Hua Ji Pork Chop Fast Food,$,4.0,10002,64,['chinese']
Golden Unicorn,$$,3.5,10002,1353,['dimsum', 'cantonese']
ABlue Chinese Restaurant,NA,4.0,10024,1,['chinese']
Just for Fen,$$,4.5,10003,29,['noodles']
The Cottage,$$,2.5,10003,210,['chinese']
Best Fuzhou Restaurant,NA,5.0,10002,4,['chinese']
Red Star Restaurant,$,3.0,10029,13,['chinese']
Wok To Walk,$,4.0,10003,163,['asianfusion', 'hotdogs']
Ming's Restaurant,$,3.0,10001,26,['chinese']
Great Wall,NA,2.5,10016,12,['chinese', 'seafood', 'noodles']
Keming Restaurant,$$,4.0,07030,75,['szechuan', 'hotpot']
New Ah Ping Snacketeria,$,4.5,10002,4,['chinese']
Hoa Kitchen,$$,2.0,10001,55,['vietnamese', 'chinese', 'asianfusion']
Chinese Tuxedo,$$$,3.5,10013,108,['chinese', 'seafood', 'noodles']
Super Red Star Kitchen,$,2.5,10027,21,['chinese']
SunShine,$$,3.5,10013,72,['dimsum']
Happy Family Chinese Restaurant,$$,2.5,10036,61,['chinese']
China 59 Restaurant,$$,2.5,10038,48,['chinese']
Yang Garden Chinese Restaurant,$,3.0,10033,15,['chinese', 'soup', 'sandwiches']
Malaysia Grill,$$,4.0,10024,220,['malaysian']
Carma Asian Tapas,$$,4.0,10014,301,['tapasmallplates', 'asianfusion', 'taiwanese']
Happy Wok Restaurant,$,3.5,10002,8,['chinese']
Ping's Seafood,$$,3.5,10013,535,['seafood', 'dimsum', 'cantonese']
Panda Express,$,3.0,10022,55,['hotdogs', 'chinese']
Profit Chinese Restaurant,$,2.5,10016,47,['chinese']
Ms Mi's Hot Pot,$$$,3.5,10011,33,['chinese', 'hotpot']
Wok To Walk,$,3.5,10018,292,['asianfusion', 'hotdogs']
Sun Sai Gai Restaurant,$,3.0,10013,186,['chinese']
Chopstix,$,3.0,10004,13,['foodtrucks', 'chinese']
China Town Chinese Restaurant,$,2.5,10002,9,['chinese']
Topaz Noodle Bar,$$,4.0,10019,294,['thai']
Big Hing Wong,$,3.0,10002,28,['chinese', 'seafood', 'soup']
Fatima's Halal Kitchen,$,4.0,11106,291,['chinese', 'halal']
Number 1 Chinese Restaurant,$,3.5,10026,6,['chinese']
Concord Garden,$,2.5,10025,25,['chinese', 'seafood', 'soup']
Go Zen,$$,4.0,10012,489,['vegan', 'asianfusion', 'kosher']
Aki King,$$,3.5,10010,10,['chinese']
Momos & Buns,NA,3.5,10016,3,['foodtrucks', 'indpak', 'chinese']
Chung Lan Gardens,$,3.5,10037,5,['chinese']
Nom Wah Tea Parlor,$$,3.5,10013,1425,['dimsum']
China Taste,NA,3.5,10003,3,['chinese']
Lanzhou Ramen,$,3.5,10038,27,['noodles', 'chinese', 'ramen']
Noodle Q,$,4.0,10038,11,['chinese', 'noodles']
Up Thai,$$,4.5,10021,1406,['thai', 'vegetarian', 'asianfusion']
Pure Thai Cookhouse,$$,4.0,10019,1990,['thai', 'noodles', 'chicken_wings']
OBAO,$$,4.0,10036,1382,['vietnamese', 'thai', 'asianfusion']
Noodies,$$,4.0,10019,386,['thai']
Happy Wok,$,3.5,10029,9,['chinese']
Empire Garden,$,2.5,10025,16,['chinese']
Manna House Bakery,$,4.0,10013,58,['bakeries', 'chinese']
Yummy Chinese,$$,3.5,10002,15,['chinese']
Lo-Fatt-Chow,$,4.0,07030,70,['chinese']
Wok To Walk,$,3.0,10017,166,['asianfusion', 'hotdogs', 'thai']
Kungfu Kitchen,NA,4.5,10019,2,['dimsum', 'ramen']
New Happy Joy Restaurant,$,2.5,10019,11,['chinese']
Grand Sichuan,$$,3.0,10011,9,['chinese']
Fu Zhou Wei Zhong Wei Jia Xiang Feng Wei,$,4.0,10002,16,['chinese']
Spice,$,2.5,10024,51,['chinese']
Thai Villa,$$,4.5,10003,843,['thai', 'asianfusion', 'vegetarian']
Rice Noodle Cart,NA,5.0,10013,4,['chinese', 'noodles']
Szechuan,NA,3.5,10021,2,['chinese']
Wondee Siam,$$,4.0,10019,827,['thai']
Shun Wei,$,3.0,10038,15,['chinese']
Tasty Hand Pulled Noodles II,$$,4.0,10036,127,['noodles']
Buddha Vegetarian Kosher Cuisine,$$,4.0,10013,202,['vegan', 'kosher', 'chinese']
Pig and Khao,$$,4.0,10002,1108,['filipino', 'thai', 'asianfusion']
Wing Gong I Kitchen,$,3.5,10029,4,['chinese']
New Asia,$$,2.0,10025,26,['chinese']
China Garden,$,4.0,11104,48,['chinese']
M Star Cafe,$,3.5,10002,220,['chinese', 'breakfast_brunch', 'sandwiches']
Fo Ying Chinese Take Out,$,2.5,10019,25,['chinese']
Dragon & Phoenix Restaurant,$,4.0,11105,101,['chinese']
Guan Qi Feng BBQ,NA,4.5,10002,4,['chinese']
Hong Kong Noodle 2,$,2.5,10016,36,['chinese', 'noodles']
Hua Xia,$$,4.0,10002,2,['chinese']
Vietnaam,$$,4.0,10128,528,['vietnamese', 'sandwiches']
Aunt Wang,$,4.0,10027,1,['foodtrucks', 'chinese']
Kings Co Imperial,$$,4.0,11211,182,['chinese']
Foliage Garden,$,4.0,07093,37,['chinese']
Larb Ubol,$$,4.0,10018,584,['thai']
China Express,$,4.5,11211,84,['chinese']
Oriental Garden Restaurant,$$,3.5,10013,420,['dimsum', 'seafood', 'cantonese']
Tao Hong Bakery,$,4.5,10002,19,['bakeries', 'chinese']
456 Shanghai Cuisine,$$,3.5,10013,428,['shanghainese']
The Chinese Club,$$,4.0,11211,138,['indpak', 'asianfusion', 'chinese']
PACIFIC MOON,$,4.5,11377,36,['chinese', 'japanese']
Silver Palace,NA,3.5,10031,7,['chinese', 'seafood', 'soup']
Chef 28,$$,3.0,10016,84,['chinese', 'sushi', 'japanese']
Grand Bo Ky Restaurant,$,3.5,10013,117,['vietnamese', 'chinese']
Chatham Seafood Restaurant,$$,3.5,10038,167,['dimsum', 'cantonese', 'seafood']
M Greenpoint,$$,4.0,11222,57,['chinese']
Ocean Chinese Restaurant,$$,2.5,10027,10,['chinese']
Profit Chinese Restaurant II,$$,3.0,10016,13,['chinese', 'seafood', 'soup']
Xi'an Famous Foods,$,4.0,11222,151,['chinese', 'noodles', 'burgers']
Hunan House I,$,4.5,07306,21,['chinese']
Food King,$,4.0,07302,70,['chinese']
Delicious Inc. Chinese Restaurant,$$,3.0,10029,6,['chinese']
Hong Cheong Kitchen,NA,3.5,10027,3,['chinese']
spades,NA,4.0,10001,1,['chinese']
New Food King,$,3.5,10036,48,['chinese']
Hong Kong Street Cart At Broadway Bites,$$,4.0,10001,1,['chinese', 'vegetarian', 'foodstands']
Cafe Hong Kong,$$,3.0,10013,120,['cantonese', 'hkcafe']
Birds of a Feather,$$,4.0,11211,113,['szechuan']
Asian Station,$$,2.5,10028,64,['asianfusion', 'chinese', 'sushi']
Amazing 66,$$,3.5,10013,245,['cantonese']
Sichuan Hot Pot Cuisine,$$,3.0,10013,132,['szechuan', 'hotpot']
Wok Wok,$$,4.0,10013,408,['malaysian']
Rasa,$$,4.0,10011,467,['malaysian', 'sushi', 'halal']
China Place,$$,2.5,10027,45,['chinese', 'japanese']
Bamboo Village,$$,3.5,10013,12,['chinese', 'seafood']
Panda Express,$$,3.0,10036,45,['chinese', 'hotdogs']
Xing's Chef,$,4.5,11105,63,['chinese']
Flaming Kitchen,$$,3.5,10002,92,['szechuan']
Norikoh,$$,4.0,10016,313,['sushi', 'japanese', 'asianfusion']
Gordon Chen Kitchen,$,3.5,10022,4,['chinese', 'asianfusion']
Matsuya,$$,3.5,10021,3,['japanese', 'chinese']
Mooncake Foods,$$,4.0,10013,475,['asianfusion']
Taste Chinese Restaurant,$,2.0,10013,10,['chinese']
Precious Chinese Cuisine,$$,3.5,07030,217,['chinese']
Red House,$,2.5,10003,75,['chinese']
Chopstick House,$,2.0,10018,54,['chinese', 'japanese']
OK 218,$,3.5,10013,49,['chinese', 'bbq']
Happy Family,$,3.0,10002,13,['chinese']
Kitty's Kitchen,NA,5.0,10019,1,['chinese', 'mexican']
Crispy Bamboo Village,$,4.0,10030,17,['asianfusion']
Pao & Cha Cha,$$,4.0,11102,89,['asianfusion', 'chinese', 'venezuelan']
New Beef King,$$,4.0,10013,61,['cantonese', 'meats']
Zheng's River Restaurant,$$$$,4.0,10026,1,['chinese']
Nom Wah Kuai,$$,3.5,10013,19,['dimsum']
Doka Square,$$,4.0,10002,104,['asianfusion', 'bars', 'diners']
Fuleen Seafood Restaurant,$$,3.5,10002,74,['chinese', 'seafood']
Unicorn Restaurant,NA,4.0,10035,2,['chinese']
Peking BBQ,$,4.0,11377,198,['chinese', 'peruvian', 'bbq']
Jaya 888,$$,3.0,10013,244,['malaysian', 'asianfusion', 'cantonese']
Wei Williamsburg,$$,4.0,11211,85,['chinese']
Soup Dumpling Plus,$$,4.0,07024,349,['shanghainese']
567 Chinese Asian Express,NA,3.0,10029,8,['chinese']
The Wei,$,4.5,11201,159,['chinese']
Double Dragon,NA,3.0,10029,4,['chinese']
8 Dragon & Phoenix Chinese Restaurant,$,4.5,11105,17,['chinese']
Joy Luck Palace,$$,3.0,10013,157,['cantonese', 'dimsum']
Great China Restaurant,$,3.5,10027,2,['chinese']
Tang S,$,2.0,10027,13,['chinese']
Yaso Tangbao,$$,4.0,11201,457,['shanghainese']
AK US Group,$,4.0,10002,9,['cantonese']
Fulton Chef,$,2.5,10038,9,['chinese', 'japanese']
Tian Fu Lou,$$,2.0,10036,16,['shanghainese']
Hung Sang,$,3.5,07087,11,['chinese']
Deluxe Green Bo Restaurant,$,3.5,10013,536,['shanghainese', 'dimsum']
Tang Tou Wang's Cuisine,$,5.0,10002,2,['chinese']
Min Jiang Mini Cafe,$,3.0,10002,9,['chinese']
Baoburg,$$,4.0,11222,110,['asianfusion', 'dimsum', 'thai']
Steamed Rice Rolls Cart,$,4.0,10002,5,['chinese']
Lan Larb,$$,4.0,10016,173,['thai']
Hometown Hotpot & BBQ,$$,4.0,10013,707,['hotpot', 'bbq']
An'Nam,$$,4.0,10036,149,['vietnamese', 'asianfusion', 'sushi']
Formosa Cafe,$,3.5,10002,80,['bubbletea', 'chinese', 'taiwanese']
Dragon Town,$$$$,2.5,10029,7,['chinese']
Po Wong Restaurant,$,4.0,07087,17,['chinese']
TAO Uptown,$$$,3.5,10022,2019,['asianfusion']
East Noodle Village,$,3.0,10002,13,['chinese', 'noodles']
Chinese Food Cart,$$$$,5.0,10292,1,['chinese', 'foodstands']
LoveMama,$$,4.0,10003,2760,['thai', 'malaysian', 'vietnamese']
Malii,$$,4.5,10029,126,['thai']
Pho Bang Restaurant,$,4.0,10013,435,['vietnamese']
Thai Market,$$,4.0,10025,799,['thai', 'noodles', 'soup']
Beijing Chinese,$,3.0,10003,18,['chinese', 'seafood', 'soup']
Good Chinese Kitchen,$,4.0,07047,24,['chinese']
Panda Express,$,3.0,10001,26,['chinese', 'hotdogs']
Empire,$$,2.0,10007,17,['sushi', 'thai', 'chinese']
King Food Restaurant,$,2.5,10024,3,['chinese', 'hotdogs']
Young Xinjiang BBQ Cart,$,4.5,10002,31,['bbq', 'chinese', 'foodstands']
Petite Soo Chow,$$,3.5,07010,441,['chinese']
Dim Sum Bar,$$,4.0,11249,107,['dimsum', 'cantonese']
Hunan Delight,$$,4.0,11215,246,['chinese']
Shanghai Restaurant,$$,4.0,07024,169,['dimsum', 'shanghainese']
Lao Bei Fang Dumpling House,$,4.0,11373,466,['chinese', 'noodles']
Food Sing 88 Corp,$,4.0,10038,9,['chinese']
Rice Noodle Cart,$,4.5,10002,61,['foodstands', 'noodles']
Feng Shui,$$,1.5,10017,36,['chinese']
Tsing Garden Chinese Restaurant,NA,3.5,07093,32,['chinese']
Taste of China,$,4.0,07087,16,['chinese']
Deng Ji II,$$,3.5,10002,19,['chinese']
Yang's Chinese Food,NA,2.5,10014,2,['chinese']
Hoy Wong Restaurant,$,3.5,10013,84,['chinese', 'seafood', 'vegetarian']
Szechun Express,$$,4.5,07010,18,['chinese']
Taste of Shanghai,$,3.0,10013,43,['shanghainese']
Caridad China,$$,4.5,11206,36,['latin', 'chinese']
New Asian Cuisine,$,4.5,11377,10,['asianfusion', 'chinese']
Strange Taste Cuisine,$,5.0,10002,1,['chinese']
Alpha Fusion,$$,3.5,10001,333,['asianfusion']
Chen Wong Restaurant,$,2.0,10002,26,['chinese']
Sunrise Chinese Restaurant,NA,3.0,10002,6,['chinese']
King Dragon,$,2.0,10029,5,['chinese']
China Express,$,4.0,07093,13,['chinese']
Jalan 31,$$,4.5,10016,28,['malaysian', 'singaporean', 'thai']
Eim Khao Mun Kai Elmhurst,$,4.5,11373,243,['thai', 'hainan']
Uncle Zhou,$,4.0,11373,201,['chinese', 'noodles', 'soup']
Siz-In-Pan,$,4.0,11217,84,['chinese']
New City Kitchen Express,$,3.5,11101,28,['chinese']
Village Express Asian Cuisine,NA,5.0,10014,2,['chinese', 'asianfusion']
Asian Station,$$,3.5,10022,179,['japanese', 'thai']
China Town Food Market,$,4.0,10013,2,['chinese']
The Handpulled Noodle,$$,4.0,10031,404,['chinese', 'noodles', 'vegan']
May May Kitchen,NA,3.0,10002,9,['cantonese']
Outer Borough,$,4.5,11249,41,['foodstands', 'chinese']
Green Leaf Restaurant,$,4.0,07022,39,['chinese']
Shun Wang Restaurant,$,4.0,11373,118,['chinese']
Dining Room Management Group,$,2.5,10013,22,['chinese', 'seafood', 'soup']
Hanoi House,$$,4.0,10009,212,['vietnamese']
King's Wok,$,4.0,11377,13,['chinese']
Hardee Chinese- American,$,4.5,11205,15,['chinese']
Grand Sichuan,$$,3.0,07302,402,['szechuan']
Bangkok Cuisine Upper East Side,$$,4.0,10028,197,['thai']
Snacky,$$,4.0,11211,163,['asianfusion', 'dimsum', 'korean']
Wah Kwoon Chinese Kitchen,$,3.5,11222,31,['chinese']
Nikko,$$,3.5,10027,280,['asianfusion', 'thai', 'sushi']
Taste Of North China,$$,3.0,07302,135,['chinese']
Wei West,$$,3.0,10282,172,['asianfusion', 'japanese', 'singaporean']
M Shanghai Bistro & Garden,$$,3.5,11211,392,['shanghainese', 'szechuan', 'dimsum']
Great Wall,$,4.5,10029,11,['chinese']
No. 1 Flower Drum House,$,3.5,11105,50,['chinese']
Shanghai Best,$$,3.0,07302,277,['shanghainese']
Ginger Root Vegan,$$,4.5,10065,54,['panasian', 'vegetarian']
Lucky House Kitchen,$,4.5,11233,59,['chinese']
Friendly Restaurant,$,3.5,11101,46,['chinese']
Satay Malaysian Cuisine,$$,3.5,07030,397,['malaysian', 'chinese', 'asianfusion']
King's Chef,$,4.0,11103,26,['chinese']
Great Wall,NA,2.5,10037,2,['chinese']
Old Peking,$,4.0,07306,28,['chinese']
Hong Kong Chinese Restaurant,$,3.0,10037,4,['chinese']
Weng's Palace,$,2.0,10018,56,['chinese', 'seafood', 'soup']
Nuevo Jardin De China Restaurant,$$,3.5,11106,176,['chinese', 'cuban']
Yeah Shanghai Deluxe,$$,3.0,10013,108,['shanghainese']
Szechaun Mirchi,$$,4.0,07010,129,['asianfusion', 'chinese', 'indpak']
Chan's Dragon Inn,$$,4.0,07657,93,['chinese']
Ming's Garden,NA,3.0,10021,2,['chinese']
Grand Great Wall Restaurant,$,4.0,10031,14,['chinese']
Wong Kwong Hop,$,4.5,11373,44,['chinese']
Delight 28 Restaurant,$$,3.0,10013,131,['dimsum', 'cantonese']
Saigon Market,$$,3.5,10003,752,['vietnamese']
Sukhumvit 51,$$,4.0,10022,538,['thai']
Taste of China,$,4.0,11378,40,['chinese']
China Chef Restaurant,$$,3.0,07094,82,['dimsum', 'bars']
Wing Cheong Restaurant,$,4.5,11216,42,['chinese']
Sunrise Chinese Restaurant,$,3.5,11106,38,['chinese']
Good Taste Restaurant,$,4.0,10031,36,['chinese']
Ho May Kitchen,NA,4.0,11211,7,['chinese']
Happy Garden,$,3.5,11102,61,['chinese']
Good Luck Chinese Restaurant,$,4.0,11377,9,['chinese']
Amaze 58 Asian Fusion,$$,3.5,10022,64,['asianfusion', 'sushi']
New Peking,$,4.0,11372,51,['chinese']
Golden Dragon,$,3.5,11106,66,['chinese', 'thai']
U Like,$,4.0,11206,38,['chinese']
Li Wan Restaurant,$$,4.5,11379,20,['chinese']
China Village Restaurant,$$,3.0,10013,58,['chinese']
Chinese Musician Restaurant,$,3.0,11222,99,['chinese']
Lin's Kitchen,$,3.5,11372,35,['chinese']
Delicious Wok,$,4.5,11385,24,['chinese']
LuAnne's Wild Ginger All-Asian Vegan,$$,4.0,10013,558,['vegetarian', 'asianfusion', 'vegan']
Saw Shack,$,3.5,11372,130,['chinese']
Jung's Dried Beef,$,4.5,10013,10,['chinese']
Yung Sun Restaurant,$,3.0,10002,11,['chinese']
King Wah Restaurant,$,4.0,11385,61,['chinese', 'seafood', 'fooddeliveryservices']
New King Foo Chinese Food,$,3.0,10029,8,['chinese']
Dumplings & Things,$,3.5,11104,116,['chinese']
Mr Rice's Kitchen,$,4.0,07307,16,['chinese']
Xifu foods,$,4.5,11217,16,['chinese']
Happy Fortune Chinese Restaurant,$,3.5,11377,20,['chinese']
Benny's Lung Sheng,NA,2.0,10025,4,['chinese']
Good Taste,$,3.5,11101,25,['chinese']
Happy Eats,NA,3.0,10013,2,['chinese']
New Hardee,$,4.5,11237,6,['chinese']
Pasteur Grill and Noodles,$$,3.5,10013,223,['vietnamese', 'chinese', 'asianfusion']
Good Year Chinese Cuisine,$,3.5,07307,74,['chinese']
Aux Epices,$$,4.0,10013,249,['french', 'malaysian', 'asianfusion']
King Szechuan Palace,$$,3.5,07307,89,['szechuan']
Spice,$$,3.5,10025,86,['thai']
Khe-Yo,$$$,4.0,10013,511,['thai', 'laotian', 'vietnamese']
Thai Soup,$$,4.0,10035,105,['thai']
Kum Kau,$$,3.5,11205,197,['chinese']
Jade Gourmet,$,4.0,07010,28,['chinese']
New China Wok Chinese Kitchen,$,4.0,11217,19,['chinese', 'chicken_wings']
New Golden Dragon Restaurant,$,4.0,10031,22,['chinese']
Dragon Palace,$$,3.5,10013,3,['chinese']
Lin's Garden,$,3.5,11385,33,['chinese']
Wong Wah Bakery House,$,4.0,10002,26,['bakeries', 'chinese']
Saiguette,$$,4.0,10025,438,['vietnamese']
Great World Chinese Restaurant,NA,2.0,10001,2,['chinese']
Lily's,$,2.5,10038,50,['chinese']
Red Bowl,$$,3.5,11211,221,['chinese']
Golden Mandarin Court,$$,2.5,10013,160,['chinese']
Chive Blossom NYC,$$,5.0,11249,18,['panasian', 'chinese']
I Fortune Cookie,$,3.0,11101,34,['chinese']
Francesca Chinese Restaruant,$,3.5,07087,8,['chinese']
Shanghai Lee,$,3.0,11222,109,['chinese']
China Garden,$,5.0,11237,4,['chinese']
Flame,$$,4.0,10024,186,['sushi', 'japanese', 'asianfusion']
Daily Chinese Restaurant,$,3.5,07086,17,['chinese']
Green Zenphony,$$,4.5,11374,86,['vegetarian', 'chinese', 'vegan']
Chinatown Kitchen,$,4.0,07093,6,['chinese']
Cutting Board,$$,3.0,10013,436,['japanese', 'chinese', 'asianfusion']
Grand Sichuan NY II,$$,4.0,11374,166,['szechuan']
Lovely Day,$$,3.5,10012,282,['thai', 'breakfast_brunch', 'irish']
Xin Lin Chinese Restaurant,$,4.0,07087,12,['chinese']
Number 1 Chinese Kitchen,$,3.0,07030,38,['chinese']
Vanessa's Dumpling House,$,3.5,11211,387,['chinese']
Wah Yoan Restaurant II,$,3.5,07093,13,['chinese']
Dragon Gate Chinese Cuisine,$$,4.0,11105,10,['chinese']
House Special,NA,5.0,10013,2,['hkcafe', 'cantonese']
Kien Tuong,$,3.5,10002,63,['vietnamese', 'cantonese']
Hey Hey Canteen,$$,4.0,11215,81,['chinese', 'asianfusion', 'comfortfood']
China Red Restaurant,$,2.0,10007,17,['chinese']
New Golden Bowl Restaurant,$,3.5,10002,7,['chinese']
Hop Lee Kitchen,$,3.5,11222,25,['chinese']
Queens Seafood Restaurant,$$,3.5,11373,94,['seafood', 'cantonese']
East Seafood restaurant,NA,4.0,10002,2,['chinese', 'seafood']
Sweet House Inc,NA,4.0,10002,1,['chinese']
Hong Kong Express,$,4.0,11385,35,['chinese']
Fish Cheeks,$$$,4.0,10012,138,['seafood', 'thai', 'raw_food']
Aquarius Seafood Restaurant,$$,3.5,07024,126,['dimsum', 'cantonese', 'asianfusion']
Flip Sigi,$$,4.5,10014,422,['filipino', 'asianfusion', 'mexican']
MIGHTY Bowl,$,4.0,10012,170,['asianfusion', 'japanese', 'poke']
Peking Express,$,3.5,11222,25,['chinese']
Zhà Pan Asian,$,4.5,10001,19,['panasian']
Asian Bowl,$,2.0,10022,4,['chinese']
Potsticker Cart,NA,4.0,10023,2,['chinese', 'streetvendors']
Shanghai Cuisine,$$,3.0,10013,272,['shanghainese']
Herbs Thai Bistro,$$,3.5,10017,129,['thai']
New Hua Yung Kitchen,$,4.5,10033,16,['chinese']
Happy Garden Palace,$,3.5,10002,12,['chinese']
King Garden,$,3.5,11101,43,['chinese', 'japanese']
Canton Lounge,$$,2.5,10013,70,['seafood', 'cantonese']
China Chalet,$$,2.5,10004,13,['chinese']
Chai Thai Kitchen,$$,3.5,10019,438,['thai']
David & Son's Caribbean Flavor,$,4.5,07307,15,['caribbean', 'chinese', 'spanish']
Taste of China,$,4.0,07650,43,['chinese']
Asia de Cuba,$$$,3.5,10003,213,['cuban', 'latin', 'asianfusion']
Te Min Quan,$$,4.0,07650,98,['korean', 'chinese']
Golden Wok,$,3.5,11104,28,['chinese']
C & L Dumpling House,$,3.5,10002,100,['chinese']
Nan Xiang Xiao Long Bao,$,4.0,11354,2595,['shanghainese', 'gourmet', 'noodles']
Lucky Jade House,$,2.5,10032,9,['chinese']
Golden Star,$$,4.0,10033,53,['chinese']
Off the Wall Chinese Cuisine,$,3.0,07030,52,['chinese']
Joe's Ginger,$$,3.0,10013,429,['chinese']
Jardin De China,$$,4.0,11368,174,['chinese', 'latin']
Broadway China Station,$,3.5,11106,29,['chinese']
Obao,$$,3.5,10022,623,['thai', 'vietnamese']
Old Sichuan,$$,3.0,10013,115,['szechuan']
Tina,$,3.0,10003,9,['chinese']
Number 1 Chinese Restaurant,$,4.0,11377,22,['chinese']
Wan's Garden,$,4.0,11385,17,['chinese']
Super China Pagoda,$,3.5,11103,38,['chinese']
Funny BBQ 98,$$,3.0,10013,105,['hotpot', 'bbq']
East Garden,$,3.5,11106,31,['chinese']
Happy World Restaurant,$,3.5,10033,7,['chinese']
XO Taste,$$,3.0,10013,150,['chinese', 'thai', 'asianfusion']
Shabu-Tatsu East Village,$$,4.0,10003,522,['japanese', 'bbq', 'hotpot']
Duck King,$$,3.0,07020,130,['dimsum', 'shanghainese', 'szechuan']
Yi Zhang Fishball,$,4.0,10002,6,['chinese']
Luu's Baguette,$,4.0,10010,427,['vietnamese', 'soup', 'sandwiches']
Royal Seafood Restaurant,$$,3.0,10013,205,['dimsum', 'seafood', 'cantonese']
ChaamLex,$$,4.0,10010,128,['thai']
Tu DO Restaurant,$,4.0,10013,266,['vietnamese']
Xing Wong BBQ,$,3.5,10002,25,['chinese']
Grace Wok,NA,2.5,10029,3,['chinese']
China Moon Restaurant,$,4.5,07650,13,['chinese']
Happy Lucky Restaurant,$$,3.0,10013,71,['chinese']
Mee Noodle Shop and Grill,NA,4.0,10016,1,['chinese', 'noodles']
Kam Sing,$,3.0,11211,39,['cantonese']
The Bao Shoppe,$,4.0,10002,109,['asianfusion', 'sandwiches', 'bubbletea']
Sampan Chinese Restaurant,$,3.5,11103,58,['chinese']
Golden Fried Dumpling,$,3.5,11201,307,['chinese']
No. 1 Chinese Restaurant,$,3.5,07086,21,['chinese']
Franchia Vegan Cafe,$$,4.0,10016,700,['korean', 'vegan', 'asianfusion']
Dragon Land Bakery,$,3.5,10013,163,['bakeries', 'chinese', 'desserts']
MRS. AN,$,4.0,10029,18,['thai', 'vegetarian']
Plump Dumpling,$,2.5,10003,252,['chinese', 'vietnamese']
China Sea,$,2.5,10040,8,['chinese']
No Pork Halal Kitchen,$,4.0,11217,90,['chinese', 'halal', 'chicken_wings']
Jean-Georges,$$$$,4.5,10023,1588,['french', 'breakfast_brunch', 'asianfusion']
Yap Express Corporation,$,3.5,10022,3,['chinese']
M&J Asian Cuisine,$$,3.5,10009,22,['asianfusion', 'sushi']
Ajisai Japanese Fusion,$$,3.5,10065,126,['japanese', 'asianfusion', 'sushi']
Ten-Tan Chinese Restaurant,NA,3.0,10034,6,['chinese']
Qi,$$,3.5,10036,1008,['asianfusion', 'thai']
Hiro Sushi,$$,2.0,10069,72,['chinese', 'sushi']
Sunny Wok Chinese Restaurant,NA,4.5,07087,4,['chinese']
Hang Lung Chinese Restaurant,NA,2.0,10040,2,['chinese']
No.1 Chinese Restaurant,$,2.5,11102,48,['chinese']
Demo One,$,3.5,11103,6,['chinese']
Rickshaw Dumpling Truck,$,2.5,10004,141,['chinese', 'foodstands']
Wing Huang Resturaunt,NA,1.0,10013,1,['szechuan']
A Plus Chinese,$$,3.0,10002,6,['chinese']
Sun Wah Restaurant,$,3.5,11106,31,['chinese']
Topaz Thai Authentic,$$,3.5,10019,665,['thai']
Yuba,$$$,4.0,10003,316,['japanese', 'sushi', 'asianfusion']
A-Pou's Taste Cart,$,3.5,10005,27,['taiwanese', 'foodstands']
Dim Sum Go Go,$$,3.5,10038,651,['dimsum']
Great Wall,$,4.0,07302,8,['chinese']
A La Saigon,$,3.5,10038,143,['vietnamese', 'salad', 'soup']
Ugly Kitchen,$$,4.0,10003,476,['bars', 'asianfusion', 'filipino']
Green Garden,$,3.5,07030,32,['chinese']
Cha Pa's Noodles and Grill,$$,3.5,10019,424,['vietnamese', 'noodles']
J J Chan's Garden,$$,3.5,11370,96,['chinese', 'seafood', 'asianfusion']
Fortune House,$$,3.0,11201,84,['chinese', 'thai']
Lichee Nut,$,3.0,11201,211,['chinese']
A-Pou's Taste,$,3.5,10003,29,['foodstands', 'taiwanese']
Ajisai Japanese Restaurant,$$,3.5,10036,397,['japanese', 'asianfusion', 'sushi']
East Wind Snack Shop,$$,4.5,11215,110,['chinese']
Gong Ho,NA,4.0,10013,1,['chinese']
Yee Li Restaurant,$$,3.0,10013,148,['chinese']
Chef Pho & Peking Roast Duck,$$,2.5,10019,93,['vietnamese']
New Jin Shing,$,4.0,11207,24,['chinese']
Hub Thai,$$,5.0,10009,15,['thai']
Shanghai Heping Restaurant,$$,3.5,10013,287,['shanghainese', 'karaoke']
Golden Wok,$,3.5,10031,43,['chinese']
Little Pepper,$$,4.0,11356,226,['szechuan']
Trinidad Golden Place Restaurant,$,4.0,11216,83,['chinese', 'trinidadian']
Japas 38,$$,3.5,10016,239,['karaoke', 'newamerican', 'asianfusion']
East Pacific Pan-Asian Bistro,$$,3.5,10016,156,['panasian']
Chang Le Xin Fan Zhuang,$$,3.0,10002,10,['chinese']
Halal Kitchen,$,3.5,11104,28,['chinese', 'halal']
Jade Garden,$,4.0,10032,46,['chinese', 'japanese', 'seafood']
China Garden Cliffside Park,$,3.5,07010,11,['chinese']
Asami Shanghai,$$,4.0,10011,15,['ramen', 'sushi', 'dimsum']
Good Chinese Restaurant,$,3.5,11221,83,['chinese']
Confucius Asian Bistro,$$,2.5,07310,224,['chinese', 'asianfusion']
Great Wall No 1,$,3.0,11222,36,['hotdogs', 'chinese']
Puff Cha Ramen,$$,4.0,10019,442,['thai', 'bubbletea', 'ramen']
Xiao Chuan Dian,$$,3.5,07650,10,['chinese']
King Wah,$,3.5,11102,36,['chinese']
BoCaphê,$$,4.0,10012,399,['vietnamese', 'breakfast_brunch', 'asianfusion']
Young Chow Garden,$,1.5,10025,12,['chinese']
Global Cuisine,NA,1.0,10282,1,['chinese', 'italian', 'tapasmallplates']
Lucky Garden,$,4.0,11237,9,['chinese']
Tasty Fusion,$$,4.0,07071,63,['japanese', 'chinese']
88 Reach House,$,2.0,10002,2,['chinese']
Young City Fish Balls 榕城鱼丸店,$,4.0,10002,4,['chinese', 'noodles', 'soup']
New Fresco Tortillas,$,2.0,10007,36,['mexican', 'chinese']
P.F. Chang's,$$,3.0,07093,325,['chinese', 'asianfusion']
Hong Kong,$,3.0,11106,39,['chinese']
OBAO,$$,3.0,10004,166,['thai', 'asianfusion', 'vietnamese']
C And Y Chinese,$,4.0,11215,33,['chinese']
Zeng Xing Fu Zhou,$,3.0,10002,10,['chinese']
Fried Dumpling,$,3.5,10013,415,['chinese']
New Sze's Garden,$,4.0,11385,13,['chinese']
Grill On Lee,$$,4.5,11211,10,['kosher', 'chinese', 'delis']
New Apolo,$$,3.5,11211,104,['chinese', 'spanish']
Sawadee,$$,3.0,07302,426,['thai', 'chinese']
Sanuria,$,3.5,10013,201,['indonesian', 'malaysian']
Hong Kong Cafe,$,3.5,11238,21,['chinese']
Chinese Max,NA,2.5,10038,3,['chinese']
Eden Wok,$$,2.5,10016,94,['chinese', 'sushi', 'kosher']
Tum & Yum,$$,4.0,10025,263,['thai']
Yummy Yummy Chinese Restaurant,$,3.5,11378,27,['chinese']
Tse's Lay On,NA,5.0,10002,1,['chinese']
Ten Full Restaurant,$,3.0,11104,57,['chinese']
Xiao Dong Bei Chinese Cuisine,$$,4.5,11354,30,['chinese']
Aaron's Chinese and Thai,$$,1.5,10001,41,['chinese', 'thai']
Ozen,$$,3.0,10025,151,['asianfusion']
Empire Express,$,3.0,11101,16,['chinese']
Chang Wang Restaurant,$,3.5,10002,25,['chinese']
Lucky Chinese Restaurant,$,4.0,11377,16,['chinese']
Kay's Spring Garden,$,3.5,07307,20,['chinese']
Five Loaves and Two Fish Bakery,$$$,3.5,10002,2,['bakeries', 'chinese']
Laut,$$,3.5,10003,916,['thai', 'malaysian', 'asianfusion']
Wen Gee House,$,4.0,11231,10,['chinese']
Chinese Food Cart,$,4.0,11373,89,['foodstands', 'chinese']
Empire Szechuan Garden,$,3.0,11104,22,['chinese']
Asian Wok,$,2.5,10038,27,['newamerican', 'chinese']
Istana Sushi & Wok,$$,3.0,07030,45,['chinese', 'sushi', 'japanese']
Fortune Cookie Chinese Kitchen,$,3.5,11222,32,['chinese']
Hua Du Dumpling,$,3.0,10002,10,['chinese']
Hong Kong Stir Fry,$,4.0,07022,10,['chinese']
Rabu House,$$,3.5,10016,50,['asianfusion']
China Spice,$$,3.5,07306,16,['chinese']
RJR Yummy Kitchen,$,4.0,11369,23,['chinese']
Marco Polo Noodle Shop,$,3.0,10013,12,['chinese', 'noodles']
Wah Yeung's Kitchen,$,3.0,11104,20,['chinese']
Sao Mai,$$,3.5,10003,418,['vietnamese']
Peking Roast Duck,$$,3.0,10016,8,['chinese']
Red Square Café,NA,3.5,10013,3,['chinese']
Chelsea Thai Wholesale,$$,3.0,10011,213,['thai', 'vegetarian']
The Old Spot,$$,3.5,07302,43,['chinese', 'hotpot']
Hot Pot Best,$$,3.0,07302,68,['szechuan', 'hotpot']
New Wonjo Restaurant,$$,3.5,10001,1006,['korean', 'bbq', 'noodles']
New China Tung,$,4.0,11217,30,['chinese', 'asianfusion']
New Hong Wong Seafood Restaurant,$$,3.5,10013,8,['chinese']
Grand Eastern,NA,3.0,10029,9,['chinese', 'japanese']
Authentic Szechuan,$$,3.5,11215,51,['szechuan', 'japanese']
East Met West,$,3.0,11211,45,['chinese']
Golden House,$,2.5,11103,75,['chinese']
Udon West,$$,4.0,10017,732,['japanese', 'noodles']
Dumpling Town,$,4.0,11373,11,['dimsum']
Kelley and Ping,$$,3.0,10012,209,['panasian']
Food Shing,$,3.5,10038,40,['chinese']
Kuai Le Hand Pull Noodles Restaurant,$,3.5,10002,17,['chinese', 'noodles']
Jaiya,$$,3.5,10016,665,['thai', 'cocktailbars']
Hua Rong Chinese Restaurant,$,3.5,11373,20,['chinese']
Ai Zhen Foo Chow Restaurant,NA,3.5,10002,2,['chinese']
Number One Chinese Restaurant,$,3.5,07093,9,['chinese', 'seafood', 'thai']
Banh Mi Saigon,$,4.0,10013,1258,['vietnamese', 'sandwiches']
Zengo,$$$,3.5,10017,743,['latin', 'asianfusion']
Jing Hui,$,3.5,10039,13,['chinese']
Spice,$$,3.5,10003,1358,['thai']
Peking Hunan Park,NA,1.0,10017,1,['chinese']
Number One Chinese Restaraunt,$,4.0,07086,7,['chinese']
Pho Shop,$$,4.0,10128,122,['vietnamese']
Pam Real Thai Food,$$,3.5,10019,572,['thai']
King's Kitchen,NA,5.0,11221,4,['chinese']
Zen 6,$$,4.0,10003,480,['ramen', 'noodles']
New China,$,4.0,11206,8,['chinese']
Splendid China,$,4.0,10032,13,['chinese']
Hong Kong Chinese Restaurant,$,4.0,11385,16,['chinese']
East Village Thai,$$,4.0,10003,179,['thai']
A San FuZhou Restaurant,NA,2.0,10002,1,['chinese']
Uncle Boons,$$$,4.0,10012,551,['thai']
J's Wong,$,3.5,11238,53,['chinese']
Canton Palace II,$$,3.0,07657,149,['dimsum', 'seafood', 'noodles']
New Malaysia,$$,3.5,10013,568,['malaysian']
Tasty Dumpling,$,3.5,10013,394,['chinese']
Empire Express,$,3.5,11215,30,['chinese']
Sing Hing Chinese Restaurant,$,3.5,11211,18,['chinese']
New Szechuan House,$,2.5,11377,42,['chinese']
Lantern Thai,$$,3.5,10003,330,['thai']
Yan Asian Restaurant,$$,4.0,07070,93,['asianfusion', 'chinese', 'sushi']
Asian Express,$$,2.0,10010,13,['chinese']
Jing Fu House,$,4.5,11372,7,['chinese']
First Wok,$,3.5,07047,26,['chinese']
Sun Hing Chinese Restaurant,$,4.0,11372,7,['chinese']
Fuzhou Anping Fish Ball,NA,2.5,10002,4,['chinese']
Jade Terrace,NA,1.5,10036,2,['chinese']
Sweet Yummy House,$$,3.5,11373,55,['chinese']
Chung Chun Kitchen,$,4.0,11205,12,['chinese']
Gan Asia,$$,2.5,10025,39,['chinese', 'kosher', 'thai']
Taste of China,$,3.0,11103,23,['chinese']
Ming Wok,$,3.5,11372,14,['chinese']
Future Restaurant,$,3.0,07302,82,['chinese']
Imperial Palace,$$,4.0,11354,322,['seafood', 'cantonese']
Hwa Yuan,NA,3.0,10002,6,['szechuan']
Chan's Garden,$,3.5,11205,23,['chinese']
Thái Son,$,3.5,10013,705,['vietnamese']
Potjanee Thai Restaurant,$$,3.5,10014,268,['thai']
Saigon Vietnamese Sandwich Deli,$,4.0,10013,540,['sandwiches', 'vietnamese']
Golden Dragon Kitchen,$,3.0,11211,16,['chinese']
Sookk,$$,3.5,10025,244,['thai', 'asianfusion']
Lee's Chinese Restaurant,$,4.0,07307,11,['chinese']
Min Jiang Restaurant,NA,2.0,10002,3,['chinese']
Good Good Taste,NA,2.5,10002,4,['chinese']
China House,NA,5.0,11385,4,['chinese']
King's Wok,$,3.5,10031,16,['chinese']
Wok Chi Stir Fry Kitchen,$$,5.0,10017,2,['dimsum']
Moon Palace Kitchen,NA,3.5,11378,14,['chinese']
Mr Wonton Chinese Restaurant,$,2.5,11101,31,['chinese']
85 Chinese Restaurant,$$,2.5,10002,5,['cantonese']
Talent Thai Kitchen,$$,3.5,10016,213,['thai']
Happy Gathering,$,3.0,11106,41,['chinese']
Foo-Hing Chinese Kitchen,$,4.5,10454,3,['chinese']
Pro Thai,$$,4.0,10029,124,['thai', 'salad', 'noodles']
Win Son,$$,4.5,11206,170,['taiwanese', 'newamerican', 'asianfusion']
Xing Wang,NA,4.5,,5,['foodstands', 'chinese']
No 1 Hunan Chinese Restaurant,$,4.5,11373,9,['chinese']
King Hong Restaurant,$,3.5,07024,55,['chinese']
Zhen Good Taste,$,4.0,11378,18,['chinese']
Hunan 3 Chinese Restaurant,$,3.0,11106,18,['chinese']
Chun Wai Restaurant,$,4.0,07087,6,['chinese']
Michael & Ping's Modern Chinese Take-Out,$$,3.5,11215,206,['chinese']
Golden Kitchen,$,3.0,11102,20,['chinese']
Amber West Village,$$,3.5,10014,166,['sushi', 'asianfusion', 'bars']
Woks Chinese Cuisine,$,4.0,11372,15,['chinese']
Zest,$$,4.0,10002,647,['sushi', 'japanese', 'thai']
Panda Chinese Restaurant,$,3.5,11375,37,['chinese']
Golden Chopstick,$,3.5,11238,49,['chinese']
Lunch Box Buffet,$,2.5,10002,11,['chinese']
Siri Thai,$$,4.0,10036,162,['thai']
Weng Garden,$,4.0,11233,6,['chinese']
Chi Dumpling House,$,3.5,10002,15,['chinese']
Ajisen Ramen,$$,3.0,10013,279,['ramen', 'sushi', 'noodles']
Fu Run,$$,4.0,11354,374,['chinese']
Eastern Chinese Restaurant,$,3.0,11106,17,['chinese']
Bang Ga Nae,$$,4.5,07657,5,['korean', 'chinese']
Mr Wonton,$$,3.5,11217,154,['chinese']
New Yummy Restaurant,NA,3.5,07087,8,['chinese']
Jin Mei Dumpling House 津美锅贴,$,3.5,10002,48,['chinese']
Long Spring Garden,$,3.5,11377,21,['chinese']
Soho Thai,$$,3.5,10013,92,['thai']
Chung Ching Restaurant,NA,4.0,10454,5,['chinese']
New Hardee,$,4.0,11221,6,['chinese']
Chopsticks Chinese Restaurant,$,3.0,07087,17,['chinese']
Peking Kitchen,$,3.5,11238,7,['chinese']
Sau Voi,$,4.0,10013,219,['delis', 'vietnamese', 'sandwiches']
Great Wall Chinese Restaurant,$,4.0,11369,14,['chinese']
Great Wall Chinese Restaurant,$,3.0,07086,15,['chinese', 'asianfusion', 'soup']
Chen's Kitchen,$,3.5,07030,9,['chinese']
No 1 Chinese Restaurant,$,3.5,10033,104,['chinese']
Golden House,$,4.0,07093,5,['chinese', 'chicken_wings']
Nha Trang One,$,3.5,10013,640,['vietnamese']
Gem Bistro,$$,4.5,07032,8,['szechuan']
Dong Fang Chuan Dian,$$,3.5,07650,48,['chinese', 'korean', 'bbq']
East 21,$,3.5,11372,60,['japanese', 'chinese']
Shanghai Dim Sum,NA,5.0,10013,1,['dimsum', 'soup', 'asianfusion']
Great Wok Chinese Restaurant,$,3.5,07087,11,['chinese']
Bennie's Thai Cafe,$$,3.5,10038,278,['thai', 'soup']
Canaan Restaurant,$,4.0,11356,31,['chinese', 'taiwanese']
Indochine,$$$,3.5,10003,292,['vietnamese', 'french']
Panda Garden Restaurant,$,3.0,11377,17,['chinese']
China Palace,$$,2.5,10016,2,['chinese']
Five Loaves And Two Fishes 五餅二魚,$,3.5,11373,35,['dimsum', 'bbq', 'sushi']
China Gourmet,NA,1.0,10029,1,['chinese']
